{
  "settings": {
    "runs": 5,
    "requests_per_phase": 20,
    "seeds": [
      0,
      1,
      2,
      3,
      4
    ],
    "slo_ttft_ms": 200.0
  },
  "phase_names": [
    "P1-interactive",
    "P2-batch",
    "P3-long_context",
    "P4-burst"
  ],
  "boundaries": [
    20,
    40,
    60
  ],
  "per_method": {
    "oracle": {
      "throughput": [
        39.71338147278326,
        84.75285485938343,
        28.062249860774774,
        54.97875646710245
      ],
      "slo": [
        100.0,
        92.0,
        22.0,
        74.0
      ]
    },
    "carl_linucb": {
      "throughput": [
        39.71338147278326,
        84.75285485938343,
        27.60939022114949,
        54.878279193084836
      ],
      "slo": [
        100.0,
        92.0,
        22.0,
        74.0
      ]
    },
    "carl_thompson": {
      "throughput": [
        38.257139309647336,
        80.75038122986028,
        26.6444257568266,
        51.676542472441255
      ],
      "slo": [
        100.0,
        88.0,
        19.0,
        67.0
      ]
    },
    "AutoTuner": {
      "throughput": [
        35.40035808106768,
        65.52593707533242,
        23.188779583121896,
        41.492113507226186
      ],
      "slo": [
        100.0,
        68.0,
        9.0,
        44.0
      ]
    },
    "static_default": {
      "throughput": [
        35.3043849352886,
        66.20943434876189,
        22.17125111943069,
        48.93952169069688
      ],
      "slo": [
        100.0,
        72.0,
        7.0,
        56.0
      ]
    }
  },
  "gaps": {
    "oracle": {
      "throughput_gap_pct": [
        0.0,
        0.0,
        0.0,
        0.0
      ],
      "slo_gap_pct": [
        0.0,
        0.0,
        0.0,
        0.0
      ]
    },
    "carl_linucb": {
      "throughput_gap_pct": [
        0.0,
        0.0,
        1.6137681115094362,
        0.18275654175215122
      ],
      "slo_gap_pct": [
        0.0,
        0.0,
        0.0,
        0.0
      ]
    },
    "carl_thompson": {
      "throughput_gap_pct": [
        3.666880303642567,
        4.722523667390087,
        5.052424915972255,
        6.00634537202953
      ],
      "slo_gap_pct": [
        0.0,
        4.0,
        3.0,
        7.0
      ]
    },
    "AutoTuner": {
      "throughput_gap_pct": [
        10.860378118824816,
        22.685864465511038,
        17.366641312908353,
        24.53064388232616
      ],
      "slo_gap_pct": [
        0.0,
        24.0,
        13.0,
        30.0
      ]
    },
    "static_default": {
      "throughput_gap_pct": [
        11.102042621367492,
        21.879405173297837,
        20.99261025246049,
        10.984669651484857
      ],
      "slo_gap_pct": [
        0.0,
        20.0,
        15.0,
        18.0
      ]
    }
  },
  "adaptation_lag_requests": {
    "carl_linucb": [
      0.0,
      0.4,
      0.0
    ],
    "carl_thompson": [
      0.0,
      0.4,
      0.0
    ]
  }
}