{
  "settings": {
    "runs": 3,
    "requests_per_phase": 20,
    "seeds": [
      0,
      1,
      2
    ],
    "slo_ttft_ms": 200.0
  },
  "phase_names": [
    "P1-interactive",
    "P2-batch",
    "P3-long_context",
    "P4-burst"
  ],
  "boundaries": [
    20,
    40,
    60
  ],
  "per_method": {
    "oracle": {
      "throughput": [
        39.60758150182548,
        84.83413314768222,
        27.960215065697852,
        54.604581649669406
      ],
      "slo": [
        100.0,
        91.66666666666667,
        18.333333333333332,
        70.0
      ]
    },
    "carl_linucb": {
      "throughput": [
        39.60758150182548,
        84.83413314768222,
        27.359182996566634,
        54.43711952630673
      ],
      "slo": [
        100.0,
        91.66666666666667,
        18.333333333333332,
        70.0
      ]
    },
    "carl_thompson": {
      "throughput": [
        38.175331058347474,
        80.42734916297528,
        26.56926397976855,
        51.237801449787945
      ],
      "slo": [
        100.0,
        85.0,
        16.666666666666668,
        61.666666666666664
      ]
    },
    "AutoTuner": {
      "throughput": [
        35.30615908937989,
        65.58763865118247,
        23.10446480492035,
        41.21125079774799
      ],
      "slo": [
        100.0,
        63.333333333333336,
        6.666666666666667,
        41.666666666666664
      ]
    },
    "static_default": {
      "throughput": [
        35.21033092219995,
        66.27292943104585,
        22.090636091206164,
        48.60644874087791
      ],
      "slo": [
        100.0,
        68.33333333333333,
        3.3333333333333335,
        53.333333333333336
      ]
    }
  },
  "gaps": {
    "oracle": {
      "throughput_gap_pct": [
        0.0,
        0.0,
        0.0,
        0.0
      ],
      "slo_gap_pct": [
        0.0,
        0.0,
        0.0,
        0.0
      ]
    },
    "carl_linucb": {
      "throughput_gap_pct": [
        0.0,
        0.0,
        2.149597446654036,
        0.3066814510860538
      ],
      "slo_gap_pct": [
        0.0,
        0.0,
        0.0,
        0.0
      ]
    },
    "carl_thompson": {
      "throughput_gap_pct": [
        3.61610173903699,
        5.1945883351403666,
        4.974751026274289,
        6.165746716057561
      ],
      "slo_gap_pct": [
        0.0,
        6.666666666666671,
        1.6666666666666643,
        8.333333333333336
      ]
    },
    "AutoTuner": {
      "throughput_gap_pct": [
        10.860098620884843,
        22.68720594220581,
        17.366641312908328,
        24.527851779636347
      ],
      "slo_gap_pct": [
        0.0,
        28.333333333333336,
        11.666666666666664,
        28.333333333333336
      ]
    },
    "static_default": {
      "throughput_gap_pct": [
        11.102042621367483,
        21.87940517329785,
        20.992610252460484,
        10.984669651484843
      ],
      "slo_gap_pct": [
        0.0,
        23.333333333333343,
        14.999999999999998,
        16.666666666666664
      ]
    }
  },
  "adaptation_lag_requests": {
    "carl_linucb": [
      0.0,
      0.7,
      0.0
    ],
    "carl_thompson": [
      0.0,
      0.7,
      0.0
    ]
  }
}