{
  "settings": {
    "runs": 30,
    "requests": 40,
    "workload": "NON-STATIONARY",
    "slo_ttft_ms": 200.0,
    "static_best_config": {
      "max_batch_size": 32,
      "chunk_size": 512,
      "preemption_enabled": false,
      "spec_k": 4,
      "routing_threshold": 0.6,
      "cache_affinity_weight": 0.2,
      "eviction_threshold": 0.9,
      "eviction_window": 16,
      "use_cuda_graphs": true
    }
  },
  "carl_full": {
    "mean": 62.39491832775575,
    "std": 0.5273579625499185,
    "ci95": [
      62.19799962827136,
      62.59183702724013
    ]
  },
  "static_best": {
    "mean": 56.51501556724552,
    "std": 0.42720899277795643,
    "ci95": [
      56.35549310766398,
      56.67453802682706
    ]
  },
  "paired_difference": {
    "mean": 5.8799027605102365,
    "std": 0.2537789552233963,
    "ci95": [
      5.785140141249761,
      5.974665379770712
    ],
    "t_statistic": 126.9039576206532,
    "df": 29,
    "p_value": 2.2909996435582865e-41,
    "cohens_d": 23.16938674183713,
    "significant_at_0.05": true
  },
  "_carl_tps": [
    62.067162310037574,
    62.37026065989185,
    62.22514900433212,
    61.71874227753462,
    62.78427657862056,
    62.14857615599591,
    62.46963110520941,
    63.17359985061487,
    61.22396625212201,
    62.8300921531705,
    61.77511344338539,
    62.51086455797557,
    61.80079374405383,
    62.47677397343879,
    62.50712885215868,
    62.28736481488579,
    62.89219457665062,
    63.51315696487251,
    62.23891096835566,
    62.31602041467776,
    63.035118721124675,
    62.038200312141235,
    61.643027993667275,
    62.23989741067062,
    63.2245299804254,
    62.268788058894835,
    63.012335484699726,
    61.96709707937531,
    62.95487330904981,
    62.13390282463964
  ],
  "_static_tps": [
    56.03163271597015,
    56.46517811737489,
    56.30704172333496,
    55.77360906353533,
    56.7440896789848,
    56.201612411233626,
    56.53758698346168,
    57.147713453535026,
    55.76893934481227,
    56.72297780525646,
    55.78490825320635,
    56.58187997050884,
    56.22727972824971,
    56.46540666524455,
    56.51543985347023,
    56.27178784356194,
    56.82924066655822,
    57.51373890748454,
    56.26753089687803,
    56.3950903540475,
    56.982923476032774,
    56.78569115373174,
    56.250203010533276,
    56.31261845606366,
    57.16240855496285,
    56.90992053435868,
    56.995956103301104,
    56.58985268158436,
    56.797474029372076,
    56.110734580715835
  ]
}