{
  "device": "cpu",
  "dtype": "torch.float32",
  "scenario": "NON-STATIONARY",
  "seeds": [
    42,
    43,
    44
  ],
  "requests": 30,
  "observe_interval": 10,
  "n_decisions_per_run": [
    10,
    10,
    10
  ],
  "n_decisions_total": 30,
  "decision_us_per_run": [
    [
      52970.50002263859,
      3946.2000131607056,
      390.7000063918531,
      867.099966853857,
      360.70001078769565,
      322.70001247525215,
      812.5999593175948,
      337.2000064700842,
      403.1999851576984,
      297.19999292865396
    ],
    [
      297.0000496134162,
      492.5000248476863,
      367.900007404387,
      9238.00002783537,
      288.8999879360199,
      356.09997576102614,
      291.9000107795,
      302.6999766007066,
      325.7999778725207,
      327.00004521757364
    ],
    [
      316.2999637424946,
      295.4999799840152,
      298.2000005431473,
      332.9000319354236,
      308.89996560290456,
      306.40000477433205,
      318.39997973293066,
      361.400016117841,
      357.8999894671142,
      323.49996035918593
    ]
  ],
  "cold_start_us_per_run": [
    52970.50002263859,
    297.0000496134162,
    316.2999637424946
  ],
  "raw_p99_us": 52970.50002263859,
  "raw_p99_interpretation": "P99 over 30 samples is index 29 of the sorted list == effectively the max sample -- not a stable tail statistic.",
  "steady_state_p50_us": 332.9000319354236,
  "steady_state_p99_us": 9238.00002783537,
  "steady_state_n": 27,
  "cold_start_max_us": 52970.50002263859,
  "cold_start_to_steady_ratio": 159.11833866364387
}